protocol,model,fold,roc_auc,pr_auc,f1,precision,recall,brier,n_test,n_positive,test_positive_rate,n_train
main,majority,1,0.5,0.03211009174311927,0.0,0.0,0.0,0.031079552089757694,218,7,0.03211009174311927,223
main,majority,2,0.5,0.11467889908256881,0.0,0.0,0.0,0.10840550967243844,218,25,0.11467889908256881,441
main,majority,3,0.5,0.17889908256880735,0.0,0.0,0.0,0.16122672148876505,218,39,0.17889908256880735,659
main,majority,4,0.5,0.7981651376146789,0.0,0.0,0.0,0.6640984611438402,218,174,0.7981651376146789,877
main,majority,5,0.5,0.26605504587155965,0.0,0.0,0.0,0.19655986544112974,218,58,0.26605504587155965,1095
main,persistence,1,0.6310088016249153,0.10456843287773825,0.2857142857142857,0.2857142857142857,0.2857142857142857,0.03621813303496559,218,7,0.03211009174311927,223
main,persistence,2,0.7966839378238343,0.4508844036697248,0.64,0.64,0.64,0.06802389620200998,218,25,0.11467889908256881,441
main,persistence,3,0.7841999713508094,0.4859475788978445,0.6493506493506493,0.6578947368421053,0.6410256410256411,0.10140910991281148,218,39,0.17889908256880735,659
main,persistence,4,0.9715256008359456,0.9863179240286004,0.9885057471264368,0.9885057471264368,0.9885057471264368,0.12145812316010643,218,174,0.7981651376146789,877
main,persistence,5,0.8355603448275861,0.6397255342591279,0.7586206896551724,0.7586206896551724,0.7586206896551724,0.11293565898937875,218,58,0.26605504587155965,1095
main,moisture_threshold,1,0.9495599187542316,0.46928820308611247,0.2857142857142857,0.19047619047619047,0.5714285714285714,0.029643163208970074,218,7,0.03211009174311927,223
main,moisture_threshold,2,0.6940932642487045,0.4876638730355399,0.2764227642276423,0.17346938775510204,0.68,0.09488423782627942,218,25,0.11467889908256881,441
main,moisture_threshold,3,0.8763071193238792,0.7896827749114638,0.7536231884057971,0.8666666666666667,0.6666666666666666,0.12844538045914328,218,39,0.17889908256880735,659
main,moisture_threshold,4,0.9985632183908046,0.9993453995313739,0.9914040114613181,0.9885714285714285,0.9942528735632183,0.1555910287055664,218,174,0.7981651376146789,877
main,moisture_threshold,5,0.8885237068965517,0.7548885374444146,0.7704918032786885,0.734375,0.8103448275862069,0.11314904260903053,218,58,0.26605504587155965,1095
main,logistic,1,0.8117806364251862,0.1990221088435374,0.0,0.0,0.0,0.030008993735487648,218,7,0.03211009174311927,223
main,logistic,2,0.8439378238341969,0.5141858410064133,0.4782608695652174,0.5238095238095238,0.44,0.08790097227972028,218,25,0.11467889908256881,441
main,logistic,3,0.9408394212863487,0.8418573720552016,0.7123287671232876,0.7647058823529411,0.6666666666666666,0.06612555583019697,218,39,0.17889908256880735,659
main,logistic,4,0.9963427377220481,0.9990388588911928,0.9885057471264368,0.9885057471264368,0.9885057471264368,0.01243517760369285,218,174,0.7981651376146789,877
main,logistic,5,0.9664870689655173,0.9239054862422686,0.8148148148148148,0.88,0.7586206896551724,0.07024686201101984,218,58,0.26605504587155965,1095
main,xgboost,1,0.7484766418415708,0.06651789635312627,0.0,0.0,0.0,0.045479972918694586,218,7,0.03211009174311927,223
main,xgboost,2,0.6130569948186528,0.1907893650656437,0.09302325581395349,0.1111111111111111,0.08,0.14016988174887277,218,25,0.11467889908256881,441
main,xgboost,3,0.9308122045552213,0.8137980561897437,0.5964912280701754,0.9444444444444444,0.4358974358974359,0.08911659617534128,218,39,0.17889908256880735,659
main,xgboost,4,0.9853709508881923,0.995597906857228,0.9857549857549858,0.9774011299435028,0.9942528735632183,0.019030413012001857,218,174,0.7981651376146789,877
main,xgboost,5,0.961530172413793,0.9133618152061561,0.8360655737704918,0.796875,0.8793103448275862,0.08503739192680175,218,58,0.26605504587155965,1095
main,lightgbm,1,0.8666215301286392,0.3816475335038938,0.21052631578947367,0.16666666666666666,0.2857142857142857,0.05068293934120243,218,7,0.03211009174311927,223
main,lightgbm,2,0.6683937823834197,0.20211418444719126,0.15873015873015872,0.13157894736842105,0.2,0.20576200284267546,218,25,0.11467889908256881,441
main,lightgbm,3,0.9371150265005014,0.8026719092364154,0.5614035087719298,0.8888888888888888,0.41025641025641024,0.10489410854105538,218,39,0.17889908256880735,659
main,lightgbm,4,0.9979101358411703,0.9994738324921537,0.9886363636363636,0.9775280898876404,1.0,0.018303361223307897,218,174,0.7981651376146789,877
main,lightgbm,5,0.950969827586207,0.9009842755895308,0.8166666666666667,0.7903225806451613,0.8448275862068966,0.09761981127789554,218,58,0.26605504587155965,1095
onset,majority,1,0.5,0.017964071856287425,0.0,0.0,0.0,0.017785644697000554,167,3,0.017964071856287425,168
onset,majority,2,0.5,0.029940119760479042,0.0,0.0,0.0,0.029367702554347768,167,5,0.029940119760479042,335
onset,majority,3,0.5,0.04790419161676647,0.0,0.0,0.0,0.04650793490874159,167,8,0.04790419161676647,502
onset,majority,4,0.5,0.07784431137724551,0.0,0.0,0.0,0.07453382027863142,167,13,0.07784431137724551,669
onset,majority,5,0.5,0.08982035928143713,0.0,0.0,0.0,0.08466166725636207,167,15,0.08982035928143713,836
onset,moisture_threshold,1,0.9247967479674797,0.13852813852813853,0.1111111111111111,0.058823529411764705,1.0,0.01776087222619413,167,3,0.017964071856287425,168
onset,moisture_threshold,2,0.912962962962963,0.25677419354838715,0.1724137931034483,0.09433962264150944,1.0,0.02754384300194619,167,5,0.029940119760479042,335
onset,moisture_threshold,3,0.9772012578616351,0.5705128205128205,0.6666666666666666,0.5384615384615384,0.875,0.03829614480367317,167,8,0.04790419161676647,502
onset,moisture_threshold,4,0.9547952047952047,0.5665558344172301,0.6153846153846154,0.6153846153846154,0.6153846153846154,0.057934680744592584,167,13,0.07784431137724551,669
onset,moisture_threshold,5,0.906140350877193,0.3920721868413447,0.5454545454545454,0.41379310344827586,0.8,0.07473596944357667,167,15,0.08982035928143713,836
onset,logistic,1,0.516260162601626,0.3471076339497392,0.0,0.0,0.0,0.017843296131245124,167,3,0.017964071856287425,168
onset,logistic,2,0.8876543209876543,0.21175287356321837,0.0,0.0,0.0,0.027062207099829243,167,5,0.029940119760479042,335
onset,logistic,3,0.729559748427673,0.1436801923076284,0.16666666666666666,0.25,0.125,0.05629420613866384,167,8,0.04790419161676647,502
onset,logistic,4,0.9115884115884116,0.4895778372753645,0.14285714285714285,1.0,0.07692307692307693,0.056477959113348984,167,13,0.07784431137724551,669
onset,logistic,5,0.900438596491228,0.42920454501778776,0.34782608695652173,0.5,0.26666666666666666,0.07689388185056255,167,15,0.08982035928143713,836
onset,xgboost,1,0.673780487804878,0.038363708624311585,0.0,0.0,0.0,0.017781769611330954,167,3,0.017964071856287425,168
onset,xgboost,2,0.9351851851851851,0.29388888888888887,0.0,0.0,0.0,0.025782426003173906,167,5,0.029940119760479042,335
onset,xgboost,3,0.7676886792452831,0.11252009553268943,0.0,0.0,0.0,0.05594540252985299,167,8,0.04790419161676647,502
onset,xgboost,4,0.8671328671328672,0.34903405139683263,0.11764705882352941,0.25,0.07692307692307693,0.07853962925205087,167,13,0.07784431137724551,669
onset,xgboost,5,0.9276315789473685,0.709702542911498,0.7142857142857143,0.7692307692307693,0.6666666666666666,0.052571035082227394,167,15,0.08982035928143713,836
onset,lightgbm,1,0.4654471544715447,0.03006734006734007,0.0,0.0,0.0,0.01796712678590044,167,3,0.017964071856287425,168
onset,lightgbm,2,0.9135802469135803,0.20015873015873015,0.0,0.0,0.0,0.03528096670021355,167,5,0.029940119760479042,335
onset,lightgbm,3,0.9072327044025157,0.4209325396825397,0.0,0.0,0.0,0.04806824473250036,167,8,0.04790419161676647,502
onset,lightgbm,4,0.8681318681318682,0.33272534028794065,0.1111111111111111,0.2,0.07692307692307693,0.09481673224888378,167,13,0.07784431137724551,669
onset,lightgbm,5,0.8587719298245613,0.43901740372231335,0.2857142857142857,0.3076923076923077,0.26666666666666666,0.10680315884329328,167,15,0.08982035928143713,836
nested_cv,xgboost,1,0.7484766418415708,0.06651789635312627,0.0,0.0,0.0,0.04563022212259496,218,7,0.03211009174311927,223
nested_cv,xgboost,2,0.5350259067357513,0.17830684341004865,0.0975609756097561,0.125,0.08,0.12686746236257296,218,25,0.11467889908256881,441
nested_cv,xgboost,3,0.9578856897292651,0.8537455508331995,0.5964912280701754,0.9444444444444444,0.4358974358974359,0.07792960422062487,218,39,0.17889908256880735,659
nested_cv,xgboost,4,0.9988244514106583,0.9997077521437375,0.9856733524355301,0.9828571428571429,0.9885057471264368,0.015949928698364525,218,174,0.7981651376146789,877
nested_cv,xgboost,5,0.9586206896551724,0.9074615508271696,0.8292682926829268,0.7846153846153846,0.8793103448275862,0.08564641447101037,218,58,0.26605504587155965,1095
nested_cv,lightgbm,1,0.8534190927555856,0.20967245715144872,0.0,0.0,0.0,0.03239097886051404,218,7,0.03211009174311927,223
nested_cv,lightgbm,2,0.6488082901554404,0.21463198544844003,0.1111111111111111,0.18181818181818182,0.08,0.12065220280122468,218,25,0.11467889908256881,441
nested_cv,lightgbm,3,0.9535883111302106,0.828938602083785,0.6333333333333333,0.9047619047619048,0.48717948717948717,0.08552838601832564,218,39,0.17889908256880735,659
nested_cv,lightgbm,4,0.9984326018808778,0.9996004305271072,0.9914529914529915,0.9830508474576272,1.0,0.012119144501529615,218,174,0.7981651376146789,877
nested_cv,lightgbm,5,0.9568965517241379,0.9012813316790165,0.8264462809917356,0.7936507936507936,0.8620689655172413,0.09212655518162542,218,58,0.26605504587155965,1095
