protocol,model,metric,subset,excluded_folds,n_folds,mean,std,ci_low,ci_high,delta_vs_all_folds
main,majority,roc_auc,all_folds,none,5,0.5,0.0,0.5,0.5,0.0
main,majority,roc_auc,excluding_episode_dominated,4,4,0.5,0.0,0.5,0.5,0.0
main,majority,pr_auc,all_folds,none,5,0.2779816513761468,0.3031794317968451,0.0,0.6544286368341629,0.0
main,majority,pr_auc,excluding_episode_dominated,4,4,0.1479357798165138,0.09904964624628067,0.0,0.3055458701845809,-0.130045871559633
main,majority,f1,all_folds,none,5,0.0,0.0,0.0,0.0,0.0
main,majority,f1,excluding_episode_dominated,4,4,0.0,0.0,0.0,0.0,0.0
main,majority,precision,all_folds,none,5,0.0,0.0,0.0,0.0,0.0
main,majority,precision,excluding_episode_dominated,4,4,0.0,0.0,0.0,0.0,0.0
main,majority,recall,all_folds,none,5,0.0,0.0,0.0,0.0,0.0
main,majority,recall,excluding_episode_dominated,4,4,0.0,0.0,0.0,0.0,0.0
main,majority,brier,all_folds,none,5,0.23227402196718622,0.2493081372514965,0.0,0.5418309604516122,0.0
main,majority,brier,excluding_episode_dominated,4,4,0.12431791217302272,0.07194385857841834,0.009839178712652205,0.23879664563339326,-0.1079561097941635
main,persistence,roc_auc,all_folds,none,5,0.8037957312926182,0.12189359528711798,0.6524448424129837,0.9551466201722526,0.0
main,persistence,roc_auc,excluding_episode_dominated,4,4,0.7618632639067864,0.0899361956552195,0.6187547071196734,0.9049718206938994,-0.041932467385831784
main,persistence,pr_auc,all_folds,none,5,0.5334887747466072,0.31992061304479114,0.13625486724561253,0.9307226822476018,0.0
main,persistence,pr_auc,excluding_episode_dominated,4,4,0.4202814874261089,0.22589008872642968,0.060839948292291335,0.7797230265599264,-0.11320728732049828
main,persistence,f1,all_folds,none,5,0.6644382743693088,0.25404073468338406,0.34900504003571653,0.9798715087029011,0.0
main,persistence,f1,excluding_episode_dominated,4,4,0.5834214061800269,0.2056470446257408,0.25619106749917564,0.9106517448608782,-0.08101686818928189
main,persistence,precision,all_folds,none,5,0.6661470918676,0.25394259227350385,0.3508357174310529,0.9814584663041471,0.0
main,persistence,precision,excluding_episode_dominated,4,4,0.5855574280528908,0.20660226072253832,0.2568071274030391,0.9143077287027425,-0.08058966381470922
main,persistence,recall,all_folds,none,5,0.6627732727043071,0.2541915780137853,0.34715274163798643,0.9783938037706277,0.0
main,persistence,recall,excluding_episode_dominated,4,4,0.5813401540987748,0.20479776790458357,0.2554612041996287,0.9072191039979209,-0.08143311860553226
main,persistence,brier,all_folds,none,5,0.08800898425985444,0.03536044184195548,0.04410319666412033,0.13191477185558856,0.0
main,persistence,brier,excluding_episode_dominated,4,4,0.07964669953479145,0.03465490476384175,0.024503012721967983,0.13479038634761492,-0.008362284725062993
main,moisture_threshold,roc_auc,all_folds,none,5,0.8814094455228343,0.11568652872473975,0.7377656477281593,1.0,0.0
main,moisture_threshold,roc_auc,excluding_episode_dominated,4,4,0.8521210023058418,0.11011695841546564,0.6769003485766526,1.0,-0.029288443216992532
main,moisture_threshold,pr_auc,all_folds,none,5,0.700173757601781,0.2230346570435783,0.4232396535990463,0.9771078616045157,0.0
main,moisture_threshold,pr_auc,excluding_episode_dominated,4,4,0.6253808471193827,0.17038998777473754,0.35425235359385787,0.8965093406449075,-0.07479291048239833
main,moisture_threshold,f1,all_folds,none,5,0.6155312106175463,0.319427724370914,0.21890930523802732,1.0,0.0
main,moisture_threshold,f1,excluding_episode_dominated,4,4,0.5215630104066034,0.2778103857966468,0.07950469248261333,0.9636213283305934,-0.09396820021094299
main,moisture_threshold,precision,all_folds,none,5,0.5907117346938775,0.38384966498131406,0.11409942496400366,1.0,0.0
main,moisture_threshold,precision,excluding_episode_dominated,4,4,0.49124681122448977,0.3612463800093804,0.0,1.0,-0.09946492346938773
main,moisture_threshold,recall,all_folds,none,5,0.7445385878489327,0.1634656148042798,0.5415692190022142,0.9475079566956511,0.0
main,moisture_threshold,recall,excluding_episode_dominated,4,4,0.6821100164203612,0.09821320054032082,0.5258308978255453,0.8383891350151771,-0.0624285714285715
main,moisture_threshold,brier,all_folds,none,5,0.10434257056179794,0.04731375427394063,0.04559478525998639,0.16309035586360948,0.0
main,moisture_threshold,brier,excluding_episode_dominated,4,4,0.09153045602585583,0.04347934297394321,0.022345118824061483,0.16071579322765017,-0.01281211453594211
main,logistic,roc_auc,all_folds,none,5,0.9118775376466595,0.07998524236642084,0.8125627418126723,1.0,0.0
main,logistic,roc_auc,excluding_episode_dominated,4,4,0.8907612376278122,0.07454885077571852,0.7721373802706463,1.0,-0.021116300018847234
main,logistic,pr_auc,all_folds,none,5,0.6956019334077228,0.33357549897439304,0.28141324564836234,1.0,0.0
main,logistic,pr_auc,excluding_episode_dominated,4,4,0.6197427020368552,0.33166147117228084,0.09199529026826314,1.0,-0.07585923137086759
main,logistic,f1,all_folds,none,5,0.5987820397259513,0.38226720722568625,0.12413461081991894,1.0,0.0
main,logistic,f1,excluding_episode_dominated,4,4,0.50135111287583,0.3627015121478583,0.0,1.0,-0.09743092685012134
main,logistic,precision,all_folds,none,5,0.6314042306577803,0.3928544906762642,0.14361095305238675,1.0,0.0
main,logistic,precision,excluding_episode_dominated,4,4,0.5421288515406162,0.3906988341624788,0.0,1.0,-0.0892753791171641
main,logistic,recall,all_folds,none,5,0.5707586206896552,0.37478873777821164,0.10539693805821881,1.0,0.0
main,logistic,recall,excluding_episode_dominated,4,4,0.46632183908045977,0.33848956892042475,0.0,1.0,-0.10443678160919545
main,logistic,brier,all_folds,none,5,0.05334351229202352,0.03106973411848544,0.014765342003336991,0.09192168258071004,0.0
main,logistic,brier,excluding_episode_dominated,4,4,0.06357059596410619,0.024286132559260473,0.02492593954768177,0.10221525238053061,0.010227083672082672
main,xgboost,roc_auc,all_folds,none,5,0.847849392903486,0.16102852271400042,0.6479060735655746,1.0,0.0
main,xgboost,roc_auc,excluding_episode_dominated,4,4,0.8134690034073095,0.16338147270691095,0.5534926213233498,1.0,-0.0343803894961765
main,xgboost,pr_auc,all_folds,none,5,0.5960130079343795,0.4336991924409838,0.05750433463036375,1.0,0.0
main,xgboost,pr_auc,excluding_episode_dominated,4,4,0.4961167832036675,0.4292609322183371,0.0,1.0,-0.09989622473071202
main,xgboost,f1,all_folds,none,5,0.5022670086819213,0.4398331805413452,0.0,1.0,0.0
main,xgboost,f1,excluding_episode_dominated,4,4,0.3813950144136552,0.400671156458222,0.0,1.0,-0.12087199426826611
main,xgboost,precision,all_folds,none,5,0.5659663370998117,0.4725077376200491,0.0,1.0,0.0
main,xgboost,precision,excluding_episode_dominated,4,4,0.4631076388888889,0.47660466233918825,0.0,1.0,-0.1028586982109228
main,xgboost,recall,all_folds,none,5,0.47789213085764815,0.4517265738400741,0.0,1.0,0.0
main,xgboost,recall,excluding_episode_dominated,4,4,0.3488019451812555,0.40122398951784916,0.0,0.9872388466973896,-0.12909018567639263
main,xgboost,brier,all_folds,none,5,0.07576685115634245,0.046228312143209715,0.01836682027039306,0.13316688204229182,0.0
main,xgboost,brier,excluding_episode_dominated,4,4,0.0899509606924276,0.03883489885745762,0.02815597049993636,0.15174595088491882,0.014184109536085149
main,lightgbm,roc_auc,all_folds,none,5,0.8842020604879876,0.12948892910421247,0.7234203190533274,1.0,0.0
main,lightgbm,roc_auc,excluding_episode_dominated,4,4,0.8557750416496918,0.1302659114293614,0.6484929073832988,1.0,-0.028427018838295792
main,lightgbm,pr_auc,all_folds,none,5,0.657378347053837,0.3466901816036769,0.22690563002582653,1.0,0.0
main,lightgbm,pr_auc,excluding_episode_dominated,4,4,0.5718544756942578,0.3339110044283081,0.0405275545260374,1.0,-0.08552387135957917
main,lightgbm,f1,all_folds,none,5,0.5471926027189185,0.36467042455787413,0.09439446533572438,0.9999907401021125,0.0
main,lightgbm,f1,excluding_episode_dominated,4,4,0.4368316624895572,0.3100254460646242,0.0,0.9301513301757055,-0.11036094022936127
main,lightgbm,precision,all_folds,none,5,0.5909970346913557,0.4089614061514888,0.08320438001826469,1.0,0.0
main,lightgbm,precision,excluding_episode_dominated,4,4,0.49436427089228446,0.4009322079423861,0.0,1.0,-0.09663276379907121
main,lightgbm,recall,all_folds,none,5,0.5481596564355184,0.35400620789625403,0.10860289295010273,0.9877164199209342,0.0
main,lightgbm,recall,excluding_episode_dominated,4,4,0.4351995705443981,0.28640412056262826,0.0,0.8909324381956811,-0.11296008589112033
main,lightgbm,brier,all_folds,none,5,0.09545244464522733,0.07109558847595218,0.007175612003527079,0.18372927728692756,0.0
main,lightgbm,brier,excluding_episode_dominated,4,4,0.11473971550070719,0.06526447339330162,0.010889374392307402,0.21859005660910696,0.019287270855479863
onset,majority,roc_auc,all_folds,none,5,0.5,0.0,0.5,0.5,0.0
onset,majority,roc_auc,excluding_episode_dominated,none,5,0.5,0.0,0.5,0.5,0.0
onset,majority,pr_auc,all_folds,none,5,0.05269461077844312,0.03065026081932869,0.01463728538352728,0.09075193617335896,0.0
onset,majority,pr_auc,excluding_episode_dominated,none,5,0.05269461077844312,0.03065026081932869,0.01463728538352728,0.09075193617335896,0.0
onset,majority,f1,all_folds,none,5,0.0,0.0,0.0,0.0,0.0
onset,majority,f1,excluding_episode_dominated,none,5,0.0,0.0,0.0,0.0,0.0
onset,majority,precision,all_folds,none,5,0.0,0.0,0.0,0.0,0.0
onset,majority,precision,excluding_episode_dominated,none,5,0.0,0.0,0.0,0.0,0.0
onset,majority,recall,all_folds,none,5,0.0,0.0,0.0,0.0,0.0
onset,majority,recall,excluding_episode_dominated,none,5,0.0,0.0,0.0,0.0,0.0
onset,majority,brier,all_folds,none,5,0.05057135393901668,0.028624107811039898,0.015029829789345292,0.08611287808868807,0.0
onset,majority,brier,excluding_episode_dominated,none,5,0.05057135393901668,0.028624107811039898,0.015029829789345292,0.08611287808868807,0.0
onset,moisture_threshold,roc_auc,all_folds,none,5,0.935179304892895,0.029980211171986612,0.8979539560220929,0.9724046537636971,0.0
onset,moisture_threshold,roc_auc,excluding_episode_dominated,none,5,0.935179304892895,0.029980211171986612,0.8979539560220929,0.9724046537636971,0.0
onset,moisture_threshold,pr_auc,all_folds,none,5,0.38488863476958424,0.19014318114172263,0.14879469224197037,0.6209825772971981,0.0
onset,moisture_threshold,pr_auc,excluding_episode_dominated,none,5,0.38488863476958424,0.19014318114172263,0.14879469224197037,0.6209825772971981,0.0
onset,moisture_threshold,f1,all_folds,none,5,0.4222061463440774,0.2605020995427014,0.09875006788541174,0.745662224802743,0.0
onset,moisture_threshold,f1,excluding_episode_dominated,none,5,0.4222061463440774,0.2605020995427014,0.09875006788541174,0.745662224802743,0.0
onset,moisture_threshold,precision,all_folds,none,5,0.34416048186954074,0.25494694120788153,0.027602043519542596,0.6607189202195389,0.0
onset,moisture_threshold,precision,excluding_episode_dominated,none,5,0.34416048186954074,0.25494694120788153,0.027602043519542596,0.6607189202195389,0.0
onset,moisture_threshold,recall,all_folds,none,5,0.8580769230769232,0.1603458724650187,0.6589812259765372,1.0,0.0
onset,moisture_threshold,recall,excluding_episode_dominated,none,5,0.8580769230769232,0.1603458724650187,0.6589812259765372,1.0,0.0
onset,moisture_threshold,brier,all_folds,none,5,0.04325430204399655,0.02306472258372963,0.014615666383222169,0.07189293770477093,0.0
onset,moisture_threshold,brier,excluding_episode_dominated,none,5,0.04325430204399655,0.02306472258372963,0.014615666383222169,0.07189293770477093,0.0
onset,logistic,roc_auc,all_folds,none,5,0.7891002480193187,0.16963141414253569,0.5784750281141393,0.999725467924498,0.0
onset,logistic,roc_auc,excluding_episode_dominated,none,5,0.7891002480193187,0.16963141414253569,0.5784750281141393,0.999725467924498,0.0
onset,logistic,pr_auc,all_folds,none,5,0.3242646164227477,0.1450278245425811,0.14418878795041246,0.5043404448950829,0.0
onset,logistic,pr_auc,excluding_episode_dominated,none,5,0.3242646164227477,0.1450278245425811,0.14418878795041246,0.5043404448950829,0.0
onset,logistic,f1,all_folds,none,5,0.13146997929606624,0.14382902221911723,0.0,0.31005729808239335,0.0
onset,logistic,f1,excluding_episode_dominated,none,5,0.13146997929606624,0.14382902221911723,0.0,0.31005729808239335,0.0
onset,logistic,precision,all_folds,none,5,0.35,0.4183300132670378,0.0,0.8694253168417838,0.0
onset,logistic,precision,excluding_episode_dominated,none,5,0.35,0.4183300132670378,0.0,0.8694253168417838,0.0
onset,logistic,recall,all_folds,none,5,0.09371794871794872,0.11038342415748435,0.0,0.2307770724927527,0.0
onset,logistic,recall,excluding_episode_dominated,none,5,0.09371794871794872,0.11038342415748435,0.0,0.2307770724927527,0.0
onset,logistic,brier,all_folds,none,5,0.04691431006672995,0.024069952228840893,0.017027516945693762,0.07680110318776613,0.0
onset,logistic,brier,excluding_episode_dominated,none,5,0.04691431006672995,0.024069952228840893,0.017027516945693762,0.07680110318776613,0.0
onset,xgboost,roc_auc,all_folds,none,5,0.8342837596631163,0.11199350641011233,0.6952254547210773,0.9733420646051553,0.0
onset,xgboost,roc_auc,excluding_episode_dominated,none,5,0.8342837596631163,0.11199350641011233,0.6952254547210773,0.9733420646051553,0.0
onset,xgboost,pr_auc,all_folds,none,5,0.3007018574708441,0.26167616344820965,0.0,0.6256157288125698,0.0
onset,xgboost,pr_auc,excluding_episode_dominated,none,5,0.3007018574708441,0.26167616344820965,0.0,0.6256157288125698,0.0
onset,xgboost,f1,all_folds,none,5,0.16638655462184876,0.3104925459201206,0.0,0.5519139706014915,0.0
onset,xgboost,f1,excluding_episode_dominated,none,5,0.16638655462184876,0.3104925459201206,0.0,0.5519139706014915,0.0
onset,xgboost,precision,all_folds,none,5,0.20384615384615384,0.33408445943429177,0.0,0.6186667994850799,0.0
onset,xgboost,precision,excluding_episode_dominated,none,5,0.20384615384615384,0.33408445943429177,0.0,0.6186667994850799,0.0
onset,xgboost,recall,all_folds,none,5,0.14871794871794872,0.2914517382232374,0.0,0.5106030792836505,0.0
onset,xgboost,recall,excluding_episode_dominated,none,5,0.14871794871794872,0.2914517382232374,0.0,0.5106030792836505,0.0
onset,xgboost,brier,all_folds,none,5,0.04612405249572722,0.02452477769965641,0.015672518962113333,0.07657558602934111,0.0
onset,xgboost,brier,excluding_episode_dominated,none,5,0.04612405249572722,0.02452477769965641,0.015672518962113333,0.07657558602934111,0.0
onset,lightgbm,roc_auc,all_folds,none,5,0.8026327807488141,0.1899910296248868,0.5667277592819273,1.0,0.0
onset,lightgbm,roc_auc,excluding_episode_dominated,none,5,0.8026327807488141,0.1899910296248868,0.5667277592819273,1.0,0.0
onset,lightgbm,pr_auc,all_folds,none,5,0.2845802707837728,0.17078096015441288,0.07252770098136677,0.49663284058617885,0.0
onset,lightgbm,pr_auc,excluding_episode_dominated,none,5,0.2845802707837728,0.17078096015441288,0.07252770098136677,0.49663284058617885,0.0
onset,lightgbm,f1,all_folds,none,5,0.07936507936507936,0.12498425196844144,0.0,0.23455352537672103,0.0
onset,lightgbm,f1,excluding_episode_dominated,none,5,0.07936507936507936,0.12498425196844144,0.0,0.23455352537672103,0.0
onset,lightgbm,precision,all_folds,none,5,0.10153846153846154,0.1441563910784305,0.0,0.280532262451531,0.0
onset,lightgbm,precision,excluding_episode_dominated,none,5,0.10153846153846154,0.1441563910784305,0.0,0.280532262451531,0.0
onset,lightgbm,recall,all_folds,none,5,0.06871794871794872,0.11556111856330784,0.0,0.21220602923016474,0.0
onset,lightgbm,recall,excluding_episode_dominated,none,5,0.06871794871794872,0.11556111856330784,0.0,0.21220602923016474,0.0
onset,lightgbm,brier,all_folds,none,5,0.06058724586215828,0.03847458919650709,0.012814733611175938,0.10835975811314062,0.0
onset,lightgbm,brier,excluding_episode_dominated,none,5,0.06058724586215828,0.03847458919650709,0.012814733611175938,0.10835975811314062,0.0
nested_cv,xgboost,roc_auc,all_folds,none,5,0.8397666758744837,0.19658240045418543,0.5956773865500464,1.0,0.0
nested_cv,xgboost,roc_auc,excluding_episode_dominated,4,4,0.80000223199044,0.20244698131047686,0.4778639081467565,1.0,-0.039764443884043765
nested_cv,xgboost,pr_auc,all_folds,none,5,0.6011479187134563,0.44190139781627724,0.052454862289065374,1.0,0.0
nested_cv,xgboost,pr_auc,excluding_episode_dominated,4,4,0.501507960355886,0.4406604722980994,0.0,1.0,-0.09963995835757034
nested_cv,xgboost,f1,all_folds,none,5,0.5017987697596776,0.4374779312764578,0.0,1.0,0.0
nested_cv,xgboost,f1,excluding_episode_dominated,4,4,0.3808301240907146,0.3970220383119194,0.0,1.0,-0.12096864566896304
nested_cv,xgboost,precision,all_folds,none,5,0.5673833943833944,0.468937680447071,0.0,1.0,0.0
nested_cv,xgboost,precision,excluding_episode_dominated,4,4,0.4635149572649573,0.4704030711293534,0.0,1.0,-0.10386843711843707
nested_cv,xgboost,recall,all_folds,none,5,0.47674270557029175,0.4500885559177086,0.0,1.0,0.0
nested_cv,xgboost,recall,excluding_episode_dominated,4,4,0.3488019451812555,0.40122398951784916,0.0,0.9872388466973896,-0.12794076038903623
nested_cv,xgboost,brier,all_folds,none,5,0.07040472637503355,0.042000221573123116,0.018254563331105512,0.12255488941896159,0.0
nested_cv,xgboost,brier,excluding_episode_dominated,4,4,0.0840184257942008,0.03341366093509784,0.030849834899748463,0.13718701668865313,0.01361369941916725
nested_cv,lightgbm,roc_auc,all_folds,none,5,0.8822289695292505,0.1409662283982495,0.707196278764575,1.0,0.0
nested_cv,lightgbm,roc_auc,excluding_episode_dominated,4,4,0.8531780614413436,0.1444608424229781,0.6233086243277542,1.0,-0.02905090808790689
nested_cv,lightgbm,pr_auc,all_folds,none,5,0.6308249613779594,0.3869680330937053,0.1503406862297828,1.0,0.0
nested_cv,lightgbm,pr_auc,excluding_episode_dominated,4,4,0.5386310940906726,0.3781458498330711,0.0,1.0,-0.09219386728728685
nested_cv,lightgbm,f1,all_folds,none,5,0.5124687433778343,0.4377008724726654,0.0,1.0,0.0
nested_cv,lightgbm,f1,excluding_episode_dominated,4,4,0.392722681359045,0.39981071674530166,0.0,1.0,-0.11974606201878935
nested_cv,lightgbm,precision,all_folds,none,5,0.5726563455377015,0.44951252932337055,0.014512821135358456,1.0,0.0
nested_cv,lightgbm,precision,excluding_episode_dominated,4,4,0.47005772005772006,0.4463617729552067,0.0,1.0,-0.10259862547998144
nested_cv,lightgbm,recall,all_folds,none,5,0.4858496905393457,0.4490704691500391,0.0,1.0,0.0
nested_cv,lightgbm,recall,excluding_episode_dominated,4,4,0.3573121131741821,0.39842145572765725,0.0,0.9912895580373017,-0.12853757736516358
nested_cv,lightgbm,brier,all_folds,none,5,0.06856345347264389,0.04486277532608425,0.012858960490740944,0.12426794645454683,0.0
nested_cv,lightgbm,brier,excluding_episode_dominated,4,4,0.08267453071542245,0.03682492100376951,0.024077863820017115,0.1412711976108278,0.01411107724277856
